pair,group,n,nc,pct_flipped_bits,pct_bit_errors,avg_margin_before,min_margin_before,median_margin_before,abs_damage,diff_pert,common_pert
standard,success(≥median),50,0.8833203125,5.83984375,5.833984375,39.808741019921854,22.773330638392157,32.39920711597276,9.404263099285764,16.567849011678696,4.262230242244253
standard,failure(<median),50,0.683203125,15.908203125,15.839843749999998,37.20238656893359,22.181650477821908,31.40720096106109,12.170830957110834,23.101203627697224,3.627100326023869
balanced,success(≥median),50,0.790234375,10.48828125,10.48828125,40.87834346638003,20.33303130202528,32.679668545262146,11.999948313021669,20.106152303501805,5.961215674618067
balanced,failure(<median),50,0.5750390625,21.32421875,21.248046875,36.81849298440598,22.295998471335587,31.567404122151938,14.212700285211163,25.82009667400252,5.319186084917691
hf,success(≥median),52,0.9153771033653846,4.238656850961538,4.231144831730769,31.553921185405805,23.948716039213842,30.627509589173403,9.365321863306914,17.695112690443338,2.8469927043687764
hf,failure(<median),48,0.7397054036458334,13.028971354166666,13.014729817708334,30.475396014216802,24.100077627451725,29.84407211777697,12.085452147894804,23.651524686748218,2.3230330422282903
